ID,Restaurant_latitude,Restaurant_longitude,Delivery_location_latitude,Delivery_location_longitude
0x7703,22.310329,73.169083,22.440329,73.299083
0xafdc,21.175975,72.795503,21.265975,72.885503
0xddf4,30.893081,75.821495,31.023081,75.951495